"","Fixed_charge","RoR","Cost","Load_factor","Demand_growth","Sales","Nuclear","Fuel_Cost"
"1",0.519800997900941,1.02655333445827,-1.29594730068353,-0.510467893406457,-0.834092472394744,0.512045837342229,-0.44664339026778,-0.31743910261299
"2",2.03732429035108,-0.86288816195585,0.578232617130594,-1.29501934634652,-0.718643112356884,-1.5814283687742,0.214388827328534,1.69263800002827
"3",-0.618341471436664,-0.625222564922627,0.201940017051333,1.14829803566682,0.0563641656750498,-0.740297824429132,-0.37220282522315,1.17594256778733
"4",-0.0926280451235795,-0.051854312079976,0.468986378397906,-0.304242940062212,0.455092048028031,0.346298612863784,0.425204507534927,-0.716109789368731
